name,followers,popularity,genres,image_url,external_url
Kamelot,275969.0,57.0,"['gothic symphonic metal', 'melodic metal', 'metal', 'neo classical metal', 'power metal', 'progressive metal', 'symphonic metal']",https://i.scdn.co/image/69caaacc0bca6c4832d25c22e07327012f9f1fed,https://open.spotify.com/artist/7gTbq5nTZGQIUgjEGXQpOS
Gloryhammer,124293.0,58.0,"['british power metal', 'comic metal', 'melodic metal', 'power metal', 'scottish metal', 'symphonic metal']",https://i.scdn.co/image/f154d9725d35cf800cd128c156eb1249119db0ce,https://open.spotify.com/artist/7dkEByOe0oHqc54qU4hwzV
HammerFall,419125.0,61.0,"['gothenburg metal', 'hard rock', 'melodic metal', 'metal', 'neo classical metal', 'power metal', 'swedish power metal']",https://i.scdn.co/image/a5738859a69fa1f00368f8bee2fb2a3ac26f31f7,https://open.spotify.com/artist/2o18h28enlHxj887tATc58
Sabaton,1134211.0,77.0,"['metal', 'power metal', 'swedish metal', 'swedish power metal']",https://i.scdn.co/image/508b65d5e0ae5dae0436804d16051ad3029afe41,https://open.spotify.com/artist/3o2dn2O0FCVsWDFSh8qxgG
Damnation Angels,7790.0,33.0,"['british power metal', 'melodic metal', 'melodic power metal']",https://i.scdn.co/image/1440db784980f5ee30fd2641269c138fdc7fb21b,https://open.spotify.com/artist/2eEhQPfMLCsfp86DtyMH2D
Nightwish,1453897.0,71.0,"['finnish metal', 'finnish power metal', 'gothic metal', 'gothic symphonic metal', 'opera metal', 'power metal', 'symphonic metal']",https://i.scdn.co/image/fd1be3774e33bbef460f916cc13f9a31c78a4fb4,https://open.spotify.com/artist/2NPduAUeLVsfIauhRwuft1
Dream Theater,1090376.0,66.0,"['metal', 'neo classical metal', 'power metal', 'progressive metal', 'progressive rock', 'rock']",https://i.scdn.co/image/4dd1dfaf7eb5d9140d92ebd9e087a98513a2ce71,https://open.spotify.com/artist/2aaLAng2L2aWD2FClzwiep
Blind Guardian,477661.0,60.0,"['german metal', 'german power metal', 'hard rock', 'melodic metal', 'metal', 'neo classical metal', 'power metal', 'speed metal', 'symphonic metal']",https://i.scdn.co/image/ab6772690000dd22131ce8946cbe55c7585aa60f,https://open.spotify.com/artist/7jxJ25p0pPjk0MStloN6o6
Stratovarius,411729.0,59.0,"['finnish metal', 'finnish power metal', 'hard rock', 'melodic metal', 'metal', 'neo classical metal', 'power metal', 'progressive metal', 'symphonic metal']",https://i.scdn.co/image/ff46b7ae4f095874bddc7a3738c235d5a49c7596,https://open.spotify.com/artist/1O8CSXsPwEqxcoBE360PPO
In Flames,819902.0,69.0,"['alternative metal', 'gothenburg metal', 'melodic death metal', 'melodic metalcore', 'metal', 'nu metal', 'swedish death metal', 'swedish metal']",https://i.scdn.co/image/821e74e9b668efb8a98b2866f4788ed2f4dd45a0,https://open.spotify.com/artist/57ylwQTnFnIhJh4nu4rxCs
Amon Amarth,725557.0,67.0,"['alternative metal', 'death metal', 'melodic death metal', 'metal', 'power metal', 'swedish death metal', 'swedish metal', 'tolkien metal', 'viking metal']",https://i.scdn.co/image/2b6e47010d6df6c550bf8f22d58fa70409f421e3,https://open.spotify.com/artist/3pulcT2wt7FEG10lQlqDJL
Ad Infinitum,15834.0,46.0,"['melodic metal', 'slayer']",https://i.scdn.co/image/d3075dfedf90b8f9f777df9c9d9cf354506d4e60,https://open.spotify.com/artist/2X3qFQFHkm1sOGo5ppIoSD
Epica,578271.0,61.0,"['dutch metal', 'gothic metal', 'gothic symphonic metal', 'neo classical metal', 'opera metal', 'power metal', 'symphonic metal']",https://i.scdn.co/image/f92856918ff9e5b0be2f092d074cc297fff25f14,https://open.spotify.com/artist/5HA5aLY3jJV7eimXWkRBBp
Rhapsody,91902.0,53.0,"['italian power metal', 'melodic metal', 'neo classical metal', 'power metal', 'symphonic metal']",https://i.scdn.co/image/d17121911da75a08f3d7ca3d4d614c08102bddbf,https://open.spotify.com/artist/0zQfrabOFYf36Ikb6PXcCY
Helloween,751947.0,64.0,"['german metal', 'german power metal', 'hard rock', 'metal', 'neo classical metal', 'old school thrash', 'power metal', 'rock', 'speed metal']",https://i.scdn.co/image/40135b5a51071fce49953b9516b2a42a28cd32a5,https://open.spotify.com/artist/4pQN0GB0fNEEOfQCaWotsY
Wintersun,135740.0,46.0,"['finnish death metal', 'finnish metal', 'finnish power metal', 'folk metal', 'melodic death metal', 'metal', 'power metal', 'symphonic death metal', 'viking metal']",https://i.scdn.co/image/2609fc9a39e201a14c8fd7e12f4bfff7f59be3c1,https://open.spotify.com/artist/6ui6SwChan7c1KYBQCqGKV
Sonata Arctica,446338.0,60.0,"['finnish metal', 'finnish power metal', 'melodic metal', 'metal', 'neo classical metal', 'power metal', 'progressive metal', 'symphonic metal']",https://i.scdn.co/image/6f271317fe999862e1b3d5d8906d0d19cfa52f51,https://open.spotify.com/artist/5YeoQ1L71cXDMpSpqxOjfH
Hans Zimmer,2267899.0,80.0,"['german soundtrack', 'soundtrack']",https://i.scdn.co/image/635afc786816b69612cc70fd43b1f7c43b49b56b,https://open.spotify.com/artist/0YC192cP3KPCRWx8zr8MfZ
Powerwolf,480246.0,69.0,"['german metal', 'german power metal', 'metal', 'power metal']",https://i.scdn.co/image/893687bb1a0565038fbd18f635027675ffccf9bb,https://open.spotify.com/artist/5HFkc3t0HYETL4JeEbDB1v
Delain,192059.0,56.0,"['dutch metal', 'gothic metal', 'gothic symphonic metal', 'melodic metal', 'power metal', 'slayer', 'symphonic metal']",https://i.scdn.co/image/69fe3677eb90adb9cd57ead286e3146148677750,https://open.spotify.com/artist/6pIRdCtSE5hLFfIfcTAicI
Anser,19946.0,39.0,"['greek trap', 'greek underground rap']",https://i.scdn.co/image/ab67616d00001e02ad1bef56770866092570e2ef,https://open.spotify.com/artist/3peCLl6eMLh8lJyRUt4jc8
Break My Fucking Sky,5183.0,28.0,['russian post-rock'],https://i.scdn.co/image/47492a0be12c4175b2e65bd7289a4c87b2a55758,https://open.spotify.com/artist/3mFTiX7WrhpcmoJLghp54A
Fairyland,29778.0,35.0,"['french metal', 'melodic metal', 'neo classical metal', 'power metal', 'symphonic metal', 'symphonic power metal']",https://i.scdn.co/image/7ef07c1c542a775e1ff67903f937ac937478ef1c,https://open.spotify.com/artist/7rPnZRgv1UGUDzmNBIe5QJ
Dragonland,50304.0,38.0,"['melodic metal', 'neo classical metal', 'power metal', 'swedish power metal', 'symphonic metal']",https://i.scdn.co/image/a90f1cd118186d2948d96e3d7eae28498e784841,https://open.spotify.com/artist/5qwH9gKvchSfuv8V6pBU71
Shylmagoghnar,18812.0,35.0,['melodic death metal'],https://i.scdn.co/image/ab67616d00001e027581230e7e5f78fb8489ef91,https://open.spotify.com/artist/0sfWl1dWLgEtMy9oFnNoDA
Heavenly,24743.0,40.0,"['c86', 'french metal', 'melodic metal', 'neo classical metal', 'power metal']",https://i.scdn.co/image/ab67616d00001e024bb4421e8c83270f460e870b,https://open.spotify.com/artist/7j3etSXgd9ZLYIUW7KWnpd
Eluveitie,382788.0,60.0,"['bow pop', 'celtic metal', 'celtic rock', 'folk metal', 'hurdy-gurdy', 'melodic death metal', 'power metal', 'swiss metal']",https://i.scdn.co/image/ddf0debf9857d12855f44287829ceca0e8fd4d62,https://open.spotify.com/artist/5X0N2k3qMnI8kSrGJT3kfT
Firewind,63633.0,47.0,"['greek metal', 'melodic metal', 'metal', 'neo classical metal', 'neo-trad metal', 'power metal', 'progressive metal']",https://i.scdn.co/image/4e502af6963c0f3423efd14b4d9a82010e8806a8,https://open.spotify.com/artist/70I9vE7YTwKmelfEplXc5r
Majestica,8897.0,39.0,"['christian power metal', 'melodic metal', 'swedish power metal']",https://i.scdn.co/image/892384d88b82655eb5285c5a39bf4510b62d3600,https://open.spotify.com/artist/52lkxAYfC9ypaPJ2EB22ki
Beast In Black,108262.0,61.0,"['finnish heavy metal', 'finnish metal', 'finnish power metal', 'melodic metal', 'power metal']",https://i.scdn.co/image/be5cd0ff55078d83387ef251f72c11d0884e9073,https://open.spotify.com/artist/0rEuaTPLMhlViNCJrg3NEH
Temperance,21844.0,44.0,"['italian folk metal', 'italian metal', 'italian power metal', 'melodic metal', 'slayer', 'symphonic metal', 'symphonic power metal']",https://i.scdn.co/image/aa5ca48095acc8f4eb14a71496514f618a597fce,https://open.spotify.com/artist/0WHhPa7TmqQASabtpYsa5J
Ensiferum,225896.0,55.0,"['finnish metal', 'folk metal', 'melodic death metal', 'metal', 'power metal', 'viking metal']",https://i.scdn.co/image/b513ad18e11d9b07546b23e9f3f7b1892ae0f573,https://open.spotify.com/artist/0krXCIkthz13P8o0v2tksH
Immediate,45233.0,50.0,"['epicore', 'scorecore', 'soundtrack', 'video game music']",https://i.scdn.co/image/ab67616d00001e02de9bcf502111e928c25c15a3,https://open.spotify.com/artist/5RcJDMYwS4w1XJkNiR4LvM
Turilli / Lione Rhapsody,5767.0,32.0,"['italian power metal', 'melodic metal']",https://i.scdn.co/image/ab6772690000dd2295ef0e0a4594750523dc54ff,https://open.spotify.com/artist/4jp6jGwANHkhNr6gbJNhiy
Sirenia,150817.0,48.0,"['gothic metal', 'gothic symphonic metal', 'melodic metal', 'norwegian metal', 'power metal', 'slayer', 'symphonic metal']",https://i.scdn.co/image/78c60faa3f8ae8a9042fabcd050a17b534bcc85c,https://open.spotify.com/artist/5FXMcILCOMjljRTV6cLoiE
Thomas Bergersen,170543.0,70.0,"['epicore', 'soundtrack', 'video game music']",https://i.scdn.co/image/9cc2b715294ec21bebc2629a257d302b98ec9ba6,https://open.spotify.com/artist/6BF0bXbsdujMSMeFZBGcBq
Warmen,8098.0,33.0,"['finnish metal', 'finnish power metal', 'neo classical metal', 'power metal']",https://i.scdn.co/image/ab67616d00001e02435b6d907ba614612f6df2e4,https://open.spotify.com/artist/28pvPjZ2n9xUBEHnMgupmh
Epic North,19522.0,45.0,['epicore'],https://i.scdn.co/image/bad7dc4fc565e57fce31a3b4975806174c578780,https://open.spotify.com/artist/65VzgvnIOrNmIk4UwsMI39
Widek,19540.0,34.0,"['djent', 'instrumental rock']",https://i.scdn.co/image/ab67616d00001e022c742494c9a35d42a168cb76,https://open.spotify.com/artist/4Dne2BHkrim1Gr7hkqMsfq
Sōlborn,331.0,9.0,['symphonic metal'],https://i.scdn.co/image/ab67616d00001e0283aa6293be8fb653eaed8bc5,https://open.spotify.com/artist/6OZxe9BMfBya7y1PkoZl0h
Two Steps from Hell,561432.0,70.0,"['epicore', 'soundtrack', 'video game music']",https://i.scdn.co/image/ab67616d00001e02149cf6977defe909fd7d34fd,https://open.spotify.com/artist/2qvP9yerCZCS0U1gZU8wYp
Amaranthe,377177.0,69.0,"['gothic symphonic metal', 'power metal']",https://i.scdn.co/image/f13b7265119fe5b79573322e1f7056ce6fa77aa3,https://open.spotify.com/artist/2KaW48xlLnXC2v8tvyhWsa
Leaves' Eyes,118366.0,49.0,"['celtic metal', 'german metal', 'gothic metal', 'gothic symphonic metal', 'melodic metal', 'norwegian metal', 'power metal', 'slayer', 'symphonic metal']",https://i.scdn.co/image/d910dc192ad2dd2296d83a5bc9ecc38b14e64a98,https://open.spotify.com/artist/63qODcvBCdG2kTguOJkEqJ
Within Temptation,862570.0,67.0,"['dutch metal', 'gothic metal', 'gothic symphonic metal', 'power metal', 'symphonic metal']",https://i.scdn.co/image/21f484d83b6b4f0cb60da6848fdf06a011d525b8,https://open.spotify.com/artist/3hE8S8ohRErocpkY7uJW4a
Luca Turilli,65255.0,42.0,"['italian metal', 'italian power metal', 'melodic metal', 'neo classical metal', 'power metal', 'symphonic metal']",https://i.scdn.co/image/70be5f6fc2baf5e2ac511ea1a905a47e804225fe,https://open.spotify.com/artist/2jqA2OsMhBDu0M2GLDIvsH
Avantasia,299027.0,58.0,"['german metal', 'german power metal', 'melodic metal', 'metal', 'neo classical metal', 'opera metal', 'power metal', 'symphonic metal']",https://i.scdn.co/image/e6a4fed077f4ab7777c45dd1552e9c1355036953,https://open.spotify.com/artist/1Ih0fEQQsy9EeAJbYEeQRa
Frozen Crown,22975.0,38.0,"['italian folk metal', 'italian power metal', 'melodic metal', 'slayer', 'symphonic power metal']",https://i.scdn.co/image/1188049451fb8339bdfcea2c54b965e04c375762,https://open.spotify.com/artist/6hbGneO1qRnmz6xflK4n8E
Hidden Citizens,70560.0,59.0,"['epicore', 'modern alternative rock']",https://i.scdn.co/image/eac1196628dfc455201459e24fe27267b35ed866,https://open.spotify.com/artist/707cnVfI3ISM4j5uzfTc7J
Memories Of Old,1886.0,35.0,"['british power metal', 'melodic metal', 'symphonic power metal']",https://i.scdn.co/image/ba19c2cc831286ede33b310aed22b79a54ca37c5,https://open.spotify.com/artist/3jwxNFNe7BHnFTas8X2cGS
Evanescence,2830278.0,76.0,['alternative metal'],https://i.scdn.co/image/f0493213ea76e7a4c9c8bb54a423c5840e4cbb24,https://open.spotify.com/artist/5nGIFgo0shDenQYSE0Sn7c
